Street_Name,ticket_count,total_revenue
FORDHAM RD,723,61945.0
GRAND CONCOURSE,714,61160.0
BROADWAY,710,59700.0
NOSTRAND AVE,705,60875.0
LEXINGTON AVE,696,59390.0
BEDFORD AVE,695,59825.0
JAMAICA AVE,692,59330.0
FLATBUSH AVE,690,58250.0
5TH AVE,683,58895.0
HILLSIDE AVE,679,58535.0
MADISON AVE,676,58890.0
FULTON ST,675,58275.0
AMSTERDAM AVE,663,58295.0
RICHMOND AVE,661,58315.0
PARK AVE,660,57350.0
ATLANTIC AVE,658,56870.0
COLUMBUS AVE,650,54800.0
